Gene names,2012 Campbell Latex Late
1700071K01Rik,-12.2
4930544G11Rik,6.4
5330429B09Rik,-1.7
Aacs,-5.7
Aars,-12.3
Abce1,-12.6
Abcf1,-20
Abcf2,-20.5
Abhd11,-13.4
Abhd12,-4.1
Acaa1a,-3.2
Acaa1b,-5.7
Acaca,4.9
Acadl,-41.1
Acadm,-14.5
Acat1,-10.7
Acat2,-1.6
Acly,-14.2
Aco2,-9.1
Acot2,-9
Acp2,28.1
Acsl1,-4.5
Acsl3,-15.6
Acsl4,-13.5
Acsl5,-4.8
Acta1,-1.4
Actb,-1.3
Actbl2,-1.1
Actg1,-1.4
Actn1,-2.4
Actn2,-1.3
Actn3,-8.4
Actn4,-2.9
Actr1a,1.3
Actr2,1.1
Actr3,1.1
Actr3b,1.3
Acy1,7.2
Adam10,-1.8
Adam15,11.1
Adam17,-3.7
Adam8,3.9
Adpgk,-1.5
Adsl,1.2
Adss,2.5
Afg3l1,-21.4
Afg3l2,-6.3
Agfg1,1
Agps,-14.9
Ahcy,-20.4
Ahnak,3
Ahsa1,-2.2
Ahsg,15.3
Aifm1,-24.5
Aimp1,-4.5
Aimp2,-11.3
Aip,-17.5
Ak2,-25.4
Akr1a1,-10.4
Akr1b1,-1.2
Alb,19.9
Alcam,1.7
Aldh18a1,-43.1
Aldh1a7,3.2
Aldh2,-8.5
Aldh3b1,4.5
Aldh9a1,-7.6
Aldoa,1.2
Aldoart2,1.5
Aldoc,1.7
Alyref,-2
Ampd2,-11.6
Ankfy1,9.5
Ankrd46,20.1
Anks4b,-2.3
Anp32a,-4.9
Anp32b,-7.2
Anp32e,-6.6
Anpep,3.2
Anxa1,1.5
Anxa2,1.1
Anxa3,9.7
Anxa5,1.5
Ap1g1,-1.2
Ap1m1,-5.2
Ap2a1,1.8
Ap2a2,2
Ap2b1,1.1
Apbb1ip,-2.2
Apex1,-18.4
Aplp2,7.7
Apmap,-14.5
App,13.3
Arcn1,-26.7
Arf2,1.2
Arf4,4.2
Arf6,-3.4
Arhgap25,22.7
Arhgdia,1.4
Arhgdib,1.3
Arhgef1,-9.8
Arhgef2,-2.4
Arl15,3.5
Arl8a,9.5
Arl8b,5.5
Armc10,-8.4
Arpc2,-4.1
Arpc3,-3.2
Arpc4,-1.7
Arpc5,-1.1
Arpc5l,-3.7
Arsb,4.1
Asah1,6.7
Asap2,-4.5
Asns,-16.9
Asph,-7.5
Atad1,-17.7
Atad3,-15.6
Atic,-1.9
Atl2,-6
Atl3,-3.7
Atp1a1,1.5
Atp1a2,-1.2
Atp1a3,3.2
Atp1a4,-4.3
Atp1b3,-1.1
Atp2a1,-9.7
Atp2a2,-5.7
Atp2b1,3.4
Atp2b3,-1.5
Atp5a1,-6.9
Atp5b,-8.1
Atp5c1,-13
Atp5d,-13.1
Atp5f1,-13.1
Atp5h,-20
Atp5i,-2.1
Atp5l,-4.3
Atp5o,-11.7
Atp6ap1,18
Atp6ap2,-1.8
Atp6v0c,3
Atp6v0d1,4.8
Atp6v1a,3.4
Atp6v1b2,5.4
Atp6v1c1,4.3
Atp6v1c2,3.4
Atp6v1d,4.6
Atp6v1e1,5.1
Atp6v1e2,2.7
Atp6v1f,17.3
Atp6v1g1,9.9
Atp6v1h,6.7
Atpif1,-12.4
Aup1,-6.6
B2m,17
Bag2,-1.2
Bax,-5.4
Bicd1,-2.5
Blmh,3.2
Blvra,1.8
Bri3bp,-6.8
Bsg,1.6
Btf3,-2.1
Bzw1,-5
Bzw2,-1.7
C1qbp,-21.9
C2cd2l,-4.9
C3,3.1
Cacybp,-1.4
Cadm1,1.1
Calm1,-5.5
Calr,-1.6
Calu,-2.8
Canx,-1.4
Cap1,-2.7
Cap2,-21.4
Capg,1.1
Caprin1,-2.9
Capza1,1
Capza2,-1.1
Capzb,-1.1
Cars,-12.3
Cat,-7
Ccdc124,-8.2
Ccdc191,-8.6
Ccdc22,3.5
Ccnb1,-7.5
Ccny,3.2
Ccpg1,-20.3
Cct2,-2.4
Cct3,-3.2
Cct4,-3.7
Cct5,-2.4
Cct6a,-3.9
Cct6b,-10.3
Cct7,-5.9
Cct8,-4.7
Cd14,2.9
Cd180,4.2
Cd2ap,3.2
Cd44,2.1
Cd5,1.7
Cd68,4.8
Cd72,2.8
Cd74,10.5
Cd86,2
Cdc37,1.1
Cdc42,1.2
Cdc42se1,8.1
Cdc5l,-10.4
Cdca3,5.2
Cdk2,-43.4
Cdo1,-2.6
Cenpe,3.2
Cenpf,7.5
Chmp1b1,-1.4
Chmp1b2,-17.6
Chmp2a,17.7
Chmp3,4.7
Chmp4b,5.8
Chmp5,12.1
Chmp6,1.3
Cisd2,-2.3
Ckap4,-4
Ckap5,-11.1
Ckb,2
Clec10a,6.3
Clic1,1.1
Clic4,-1.9
Clmn,7.9
Clpb,-24.8
Clpp,-7.3
Clpx,-10.7
Clta,-1.8
Cltb,-5.3
Cmpk1,-4.7
Cnbp,-3.5
Cndp2,-1.4
Cnot1,-5
Cnpy3,-11.2
Col17a1,7.2
Colec12,4.3
Colgalt1,-8.1
Copa,-8.1
Copb1,-33.1
Cope,-12.4
Copg2,-13.8
Cops2,2.3
Cops3,-1.2
Cops4,2.8
Copz1,-12.8
Coro1a,-11.4
Coro1c,-6.8
Cox4i1,-17.4
Cox5a,-8.2
Cox6c,-1.1
Cpd,9.6
Cpn10-rs1,-7.8
Cpne1,-4.9
Creg1,3.1
Cs,-5.4
Csde1,-20
Cse1l,-8
Csf1r,2.9
Csk,-6.2
Csnk2a1,-2
Cst3,5.7
Ctdsp1,11.9
Ctnnd1,-15.8
Ctps1,-3.3
Ctsa,4.6
Ctsb,3.8
Ctsd,10.6
Ctsl,4.4
Ctss,2.8
Ctsz,3.4
Cyb5a,-2.7
Cyb5b,-2.2
Cyb5r1,-5.1
Cyb5r3,-38.7
Cybb,-1.9
Cyc1,-15
Cycs,-1.6
Cyfip1,-8.3
Cyfip2,-8.5
Cyp51a1,-10.8
D17H6S56E-5,7.9
Dab2,-3.7
Dad1,-1.5
Dag1,-4.2
Dapp1,8.2
Dars,-24
Dbnl,1
Dcakd,-8.1
Dctn2,3
Ddost,-3.8
Ddx1,-23.5
Ddx10,16.7
Ddx17,-1.5
Ddx21,-5.5
Ddx3x,-1.7
Ddx3y,-1.7
Ddx4,-1.8
Ddx42,16.8
Ddx5,1.3
Ddx6,-18.5
Decr1,-8.2
Degs1,-13.6
Des,-3.7
Dhrs13os,11.1
Dhrs7b,-7.1
Dhx15,-5.9
Dhx29,-1.9
Dhx36,-17.1
Dhx9,-31.8
Dlat,-46.2
Dld,-16.8
Dlst,-34.1
Dnah10,1.4
Dnah5,5.1
Dnah9,-2
Dnaja1,1.6
Dnaja2,1.9
Dnaja3,-8.1
Dnajb1,1.4
Dnajb11,-1.7
Dnajc11,-5.7
Dnajc13,24.1
Dnajc2,-28.9
Dnajc3,6.2
Dnajc7,-1.6
Dnm2,1.2
Dnpep,-4
Dock10,-14.4
Dock2,-11.7
Dock8,-1.5
Dpm1,-3
Dpp7,2
Dpysl2,-2.4
Drg1,-3.7
Dync1h1,-7.8
Dync1i2,-3.2
Dync1li1,-2.3
Ece1,15.8
Ech1,-5.3
Edc4,-12.9
Edf1,-21.2
Eea1,12.9
Eef1a1,-4.8
Eef1a2,-4.9
Eef1b,-5.9
Eef1d,-11.2
Eef1g,-4
Eef2,-7.1
Efhd2,-1.3
Efr3a,3.2
Eftud2,-8.7
Ehd1,1.4
Ehd3,1.2
Ehd4,1.1
Eif2a,-15.3
Eif2b4,-14.9
Eif2b5,-7.9
Eif2s1,-16.1
Eif2s2,-32.4
Eif2s3x,-17.1
Eif2s3y,-15.2
Eif3a,-25.4
Eif3b,-24.2
Eif3c,-37.2
Eif3d,-5
Eif3e,-5
Eif3f,-9.7
Eif3g,-10.1
Eif3h,-10
Eif3i,-20
Eif3k,-12.9
Eif3l,-10
Eif3m,-32.8
Eif4a1,-21.3
Eif4a2,-18.4
Eif4b,-7.4
Eif4e,-3.6
Eif4g1,-23.9
Eif4g2,-1.5
Eif4h,5.6
Eif5,-12.4
Eif5a,-1.6
Eif5a2,-3.4
Eif5b,-5.7
Eif6,-9.8
Elavl1,-17.3
Elmo1,-15.4
Elmo2,-24.9
Emd,-6.9
Emilin2,11.6
Eno1,1.5
Eno2,-2
Enpp4,4.7
Epb41,-3.2
Epb41l2,-2
Epn1,2
Eprs,-6.9
Eps8,-10.6
Erap1,-7
Erbb2ip,1.6
Erlin2,-14.1
Ero1a,-4.1
Ero1b,-15.1
Erp29,-4.2
Erp44,-1.6
Esyt1,2
Etf1,-7.9
Etfa,-16.4
Etfb,-8.9
Evi2a,5.4
Evi2b,1.7
Ewsr1,-5.1
Exoc4,-6.5
Ezr,-2.2
F630007L15Rik,2
Fabp5,1.9
Fads2,-11.5
Faf2,-8.4
FAM120A,-12.6
Fam129a,8.9
Fam129b,-10.5
Fam134b,-16.7
Fam21,4.6
Fam49b,1.5
Fam91a1,2.4
Far1,-15.1
Farsa,-27.9
Farsb,-26.4
Fasn,-5.2
Fau,-27.1
Fcer1g,5.8
Fcgr1,11.1
Fcgr2,1.9
Fcgr3,3.5
Fcho2,1.2
Fdps,-1.2
Fen1,-28
Fermt3,-6.3
Fh,-4
Fkbp1a,7.7
Fkbp2,-3.3
Fkbp3,-46.9
Fkbp4,-2
Fkbp8,-12.6
Flna,-1.2
Flnb,1.2
Flnc,-12
Flot2,5.5
Fmnl2,4
Fmnl3,1.7
Frmpd1,-1
Fth1,4
Fubp1,2.1
Fubp3,-5.9
Fus,-12
Fv4,2.1
Fxr1,-21.8
Fxr2,-19.3
Fxyd5,1.9
Fyco1,10.4
Fyn,1.2
G3bp1,-7.3
G3bp2,-31.5
G6pdx,-2.2
Gaa,6.7
Gabarapl2,13.7
gag,-24.2
Galnt7,-17.2
Ganab,-3.9
Gapdh,10.4
Gapdhs,-2.8
Gapvd1,1.8
Gars,-2.7
Gart,-7.7
Gas7,-6.5
Gatm,-19.4
Gba,4.2
Gcat,-19.7
Gcc2,4.6
Gdi2,2.3
Gemin4,1.9
Gigyf2,-7.7
Gla,4.3
Glb1,2.6
Glg1,8.4
Glod4,-2.2
Glrx3,33.7
Glrx5,-6.3
Glud1,-8.2
Gm10653,-11.2
Gm1966,1.1
Gm6793,-4.1
Gmps,-8.4
Gna13,1.8
Gna14,1.5
Gnai3,1.8
Gnao1,1.7
Gnaq,2.9
Gnas,2.6
Gnb1,4.4
Gnb2,2.8
Gnb3,5.6
Gns,3.9
Golga7,11.7
Golgb1,2
Got1,1.5
Got2,-6.4
Gpd2,-15.5
Gpi,-1.4
Gpnmb,9.9
Gpr84,-1
Gps1,-17.3
Grb2,5.1
Grn,1.7
Grpel1,-13.1
Gsn,5
Gspt1,-5.3
Gusb,13.8
H-2D,5.5
H2-D1,3.7
H2-K1,2.6
H2afz,-9.4
Hadh,-11.3
Hadha,-31.8
Hadhb,-23.1
Hars,-7.3
Hat1,-3.1
Hax1,-4.7
Hbb-b2,53.2
Hck,2.9
Hcls1,-2.6
Hdlbp,-11.2
Hexa,3
Hexb,4.7
Hgs,9.3
Hibadh,-7.3
Hint1,-1.5
Hint2,-4.3
Hip1,1.4
Hist1h1a,-2.2
Hist1h1d,-1.8
Hist1h1e,1.3
Hist1h1t,1.3
Hist1h2bk,-9.8
Hist1h2bm,-16.1
Hist1h3b,1
Hist1h3c,1
Hist1h3d,1
Hist1h3e,1
Hist1h3f,1
Hist2h3b,1
Hist2h3c1,1
Hist2h3c2,1
Hist3h2a,-1.9
Hist3h2ba,-10.5
Hk1,-18.9
Hk2,-19.4
Hk3,-8.1
Hmgb2,-1.8
Hmgcl,-16.2
Hmgcs1,-13.8
Hmox2,-3.8
Hn1,-4
Hnrnpa2b1,-42.3
Hnrnpa3,-19.6
Hnrnpab,-5.8
Hnrnpd,-6.6
Hnrnpf,1.3
Hnrnph1,1.8
Hnrnph2,1.4
Hnrnpk,-5.1
Hnrnpl,-12.2
Hnrnpm,-15.3
Hnrnpr,-17.1
Hnrnpu,-29.4
Hras,2
Hsd17b10,-23.9
Hsd17b12,-7.2
Hsd17b4,-14.6
Hsp90aa1,-1.7
Hsp90ab1,-1.6
Hsp90b1,-3
Hspa1b,-2.7
Hspa4,-5
Hspa5,-1.9
Hspa8,1.3
Hspa9,-11.3
Hspd1,-13.5
Hspe1,-3.9
Hsph1,-29.4
Huwe1,-24.5
Hyou1,-2.1
Iap,-24.5
Iars,-16.2
Iars2,-19.6
Icam1,1.3
Ict1,-40.2
Ide,1.2
Idh1,5.1
Idh2,-8.5
Idh3a,-22.8
Idh3b,-24.9
Idi1,-1.3
Ifnar2,-4
Igf2bp2,-23.2
Igf2bp3,-11.8
Igsf8,1.3
Il2rg,3.2
Il6st,5.6
Ilf2,-3.9
Impdh2,-1.7
Inppl1,-1.7
Ipo5,-4.8
Ipo7,-4.9
Ipo9,-1.1
Iqgap1,-1.9
Iqgap2,-1.4
Ist1,6.2
Isyna1,-1.2
Itfg1,6.9
Itga4,1.6
Itga5,4.1
Itgam,3.5
Itgb1,1.8
Itgb2,2.7
Itgb5,7.9
Itih2,27.6
Itih3,-1.2
Itm2b,15.2
Itm2c,6.9
Itsn2,-2.2
Kars,-8
Katnal2,-3.7
Kcnab2,-9.1
Kct2,13.4
Khdrbs1,-2.3
Kiaa0196,-4.6
Kiaa1024,-3
Kif23,-8
Kif5b,-10.5
Kit,3.6
Kpna2,3.7
Kpnb1,-2.5
Kras,3.7
Krt1,1.8
Krt10,-1.6
Krt2,1.5
Krt42,6.9
Krt6a,1.4
Krt77,1.2
Krt78,1.7
Krt8,5.6
Ktn1,-5.2
Lamp1,6.5
Lap3,-1.6
Laptm4a,11.4
Laptm5,3.2
Larp1,-6.3
Larp4,-13.9
Lars,-14.5
Lat2,-24.6
Lcp1,-1.6
Ldha,-1.6
Ldlr,7.9
Ldlrap1,-15.8
Letm1,-23.6
Lgals1,2.2
Lgals3,-1.2
Lgals3bp,3.7
Lgmn,5.8
Lilrb4,3.1
Lima1,-17
Lipa,10.4
Lman1,-2.1
Lmbrd1,7.3
Lmna,-45.8
Lmnb1,8.9
Lmod3,-1.6
Lnpep,9.7
Lonp1,-44.8
Lpcat1,2.3
Lpl,9.6
Lpxn,-22.7
Lrp1,6.8
Lrpap1,-8.7
Lrpprc,-19.6
Lrrc25,2.4
Lrrc47,-16.7
Lrrc59,-4.9
Lsg1,-8.3
Lsp1,-34
Lss,-7.8
Ly86,8.9
Lyn,1.6
Lyz2,5
M6pr,4.1
Man2a1,-4.7
Man2b1,28.6
Manf,-1.8
Map1lc3a,8.7
Map1lc3b,14.7
Map2k1,-9
Map4,-6.6
Map6,4.4
Mapre1,1.3
Mars,-28.4
Mavs,-9.7
mCG_129835,3.2
Mcm2,-7.4
Mcm3,-16
Mcm5,-14.5
Mcm6,-12.9
Mcm7,-9.7
Mdh1,-1.6
Mdh2,-8.6
Me1,-1.9
Me2,-6.2
Mecr,-8.4
Mela,5.5
Mgl2,14
Mgrn1,9.2
MHC,4.1
Mif,3.1
Mlec,-16.8
Mmp12,12.7
Mogs,-24.8
Mpeg1,3.2
Mpp1,-3.1
Mpp6,-2.2
Mpst,-9.1
Mrpl11,-14.6
Mrpl12,-20.7
Mrpl13,1.8
Mrpl14,-8.1
Mrpl15,-8.4
Mrpl23,-8.3
Mrpl28,-10.5
Mrpl3,-9
Mrpl37,-7.6
Mrpl39,-14.3
Mrpl4,-14.8
Mrpl43,-25.6
Mrpl44,-12.1
Mrps2,-5.6
Mrps22,-9.1
Mrps23,-8.2
Mrps27,-13.8
Mrps28,-9.3
Mrps30,-25.3
Mrps31,-4.5
Mrps34,-8
Mrps7,-6.2
Msn,-2.8
Msr1,3.6
Mtap,2.6
Mtch2,-33.2
Mtco2,-10.5
Mtdh,-20.3
Mthfd1,-21.9
Mthfd1l,-24
Mthfd2,-28.8
Mvp,1.3
Mybbp1a,-4.1
Myh14,-5.1
Myh6,34.5
Myh8,1.1
Myh9,1.4
Myl6,1
Myo18a,1.5
Myo1c,-56.5
Myo1d,-5
Myo1e,-6.2
Myo1g,-28.2
Myo3b,1.2
Myof,18
Naca,-4.9
Nagpa,4.2
Nampt,-1.3
Nap1l1,1.2
Nap1l4,-1.2
Napa,2.6
Napg,3
Nars,-31.1
Nasp,-15
Ncapd2,-11.1
Ncapg,-24
Ncaph,-22.3
Ncf1,-10.1
Ncf2,-7
Nckap1l,-9.3
Ncl,-6.3
Ncln,-11.1
Ncstn,5
Ndfip2,13.6
Ndrg1,14.5
Ndufa10,-18.7
Ndufa2,-8.9
Ndufa4,-4.9
Ndufa6,-12.6
Ndufa8,-5.5
Ndufa9,-6.7
Ndufb10,-11.3
Ndufs1,-25
Ndufs2,-7.7
Ndufs3,-5.3
Ndufs7,-17.8
Ndufs8,-3.2
Ndufv1,-22.5
Ndufv2,-12.2
Nes,-1.1
Nfs1,-13.2
Nme1,1.9
Nme2,1.5
Nmt1,-16.6
Nop16,-5.8
Notch2,-3.4
Npc1,6.1
Nploc4,-2
Npm1,-10.9
Nptn,1.9
Nras,2.8
Nrp1,6.5
Nrp2,5
Nsdhl,1.3
Nsf,1.4
Nsfl1c,-1.6
Nsun2,-10.7
Nub1,-6.6
Nucb1,-3.3
Nucb2,-1.7
Nudc,1.3
Nufip2,-12.9
Numa1,16
Nup88,3.8
Nup93,-7.9
Nxf1,-6.1
Oat,-5.9
Ogdh,-17.4
Ogdhl,-6.7
Ogfr,1.6
Ola1,1.5
Opa1,-19.8
Osbp,-7.7
Oxct1,-11.4
Oxsr1,-1.7
P4ha1,-7.8
P4hb,-2.6
Pa2g4,-26.3
Pabpc1,-1.8
Pabpc2,-17.3
Pabpc4,-6.9
Pabpc6,-13.2
Pacsin2,-3.7
Paics,1.3
Pak2,-5.2
Pam16,-8.3
Pcbp1,-2.1
Pcbp2,-1.6
Pck2,-4.1
Pcna,-2.6
Pcyox1l,-8.5
Pdcd6,5.5
Pdcd6ip,2.1
Pdha1,-30.9
Pdhb,-12.8
Pdhx,-5.8
Pdia3,-2.1
Pdia4,-3.3
Pdia6,-2.7
Pebp1,-2.7
Pf4,12
Pfas,1.8
Pfkl,-1.2
Pfn1,2.5
Pgam1,1.2
Pgam2,1.7
Pgam5,-14.2
Pgd,1.5
Pgk1,1.2
Pgm1,-23.1
Pgrmc2,-8.2
Phax,-7.2
Phb,-7.5
Phb2,-12.6
Phgdh,-1.4
Phldb2,-1.7
Pi4k2a,4.4
Pigs,-2.1
Pik3r1,-4
Pin1,-2.3
Pitrm1,-9.2
Pklr,-7.4
Pkm,-6
Pla2g4a,-15.6
Plau,12
Plbd2,7.3
Pld4,2.7
Plek,-1.6
Plekho2,1.2
Plod1,-11.4
Plod3,-3.3
Plp2,2.8
Pls3,-5
Plscr1,3
Plscr3,4.1
Plxna1,3.5
Plxnc1,25.6
Pmpca,-22.5
Pmpcb,-20.9
Pnpt1,-4.8
Pol,3.7
Poldip2,-24.2
Poldip3,9.7
Polr2a,13.1
Pon3,-47.3
Por,-1.4
Postn,12.9
Ppa1,1.7
Ppia,1.1
Ppib,-3.2
Ppid,2.2
Ppm1g,1.8
Ppp1ca,-2
Ppp1cb,-7.4
Ppp1cc,-2.7
Ppp1r7,1.8
Ppp1r9b,-1.3
Ppp2ca,-5.7
Ppp2r1a,-1.9
Ppp2r1b,-1.2
Ppp2r5d,-7.7
Ppt1,7.7
Ppt2,3.2
Prc1,-1.7
Prdx1,1.3
Prdx2,1.4
Prdx3,-2.8
Prdx4,-1.3
Prdx5,-5.9
Prdx6,3.8
Prep,-4.4
Prkar1a,-1.3
Prkar2a,-4.4
Prkcsh,-9
Prpf19,-2.6
Prpf31,1.2
Prph,-2.2
Prps2,-5.4
Prss3,1
Psap,6.1
Psat1,1.5
Psma1,-1.4
Psma2,-1.2
Psma3,-3.6
Psma4,1.4
Psma6,-1.5
Psma7,-1.2
Psmb1,-2.5
Psmb2,1.2
Psmb3,-3.1
Psmb4,-6.8
Psmb6,-1.1
Psmb7,-5.5
Psmc1,-1.5
Psmc2,-1.1
Psmc3,-1.5
Psmc4,-1.8
Psmc5,-6.8
Psmc6,1.2
Psmd1,-7.9
Psmd11,1.1
Psmd12,-1.6
Psmd14,-1.7
Psmd2,-3
Psmd3,-3.2
Psmd4,1.1
Psmd5,1.6
Psmd6,-2.8
Psmd8,-1.6
Psme2,1.7
Ptbp1,-72.8
Ptcd3,-19.8
Ptges2,-12.2
Ptgs1,1
Ptpn1,-81.9
Ptpn6,-1.8
Ptpns1,3.1
Ptpra,1.4
Ptprj,7.9
Ptrh2,-22.5
Pura,-15.4
Purb,-13.6
Pvr,3.1
Pxdc1,3.2
Pycr1,-20
Pycr2,-11.7
Pygb,1.2
Qars,-23.3
Rab11a,1.9
Rab11b,10.6
Rab14,-1.3
Rab18,-1.1
Rab1A,-1.5
Rab1b,-12.8
Rab21,-3.3
Rab22a,4.9
Rab2a,1.3
Rab2b,2.3
Rab31,2.5
Rab3gap2,-11.7
Rab5a,1.2
Rab5b,1
Rab5c,1.8
Rab6a,-9.6
Rab7a,5
Rab8b,2.8
Rab9a,4.4
Rabep1,1.4
Rac1,2.5
Rac2,2.8
Rac3,2
Rad23b,-7.7
Rae1,-1.9
Rala,3.8
Ralb,1.5
Ran,-1.4
Ranbp1,-1.2
Rangap1,-3.5
Rap1a,3.3
Rap1b,3.3
Rap2a,9.9
Rap2b,4.6
Rap2c,2.9
Rapgef1,1
Rars,-5.5
Rars2,-5.6
Rasa3,-1.1
Raver1,7.2
Rbbp7,-6.2
Rbm3,-8.5
Rcc1,-6.5
Rcc2,-17.5
Rcn2,-1.7
Rdh11,-1.5
Rdx,-2.6
Reep5,-17.1
Reps1,17.6
Rexo2,-40.9
Rftn1,-2.5
Rgs1,13.6
Rhoa,2.1
Rhob,7.1
Rhoc,2.7
Rhog,3.6
Rnaset2,8
Rnf13,11.5
Rnf149,11.2
Rnh1,-1
Rnpep,-2.4
Rpa1,-11.7
Rpl10,-20.7
Rpl10a,-7.9
Rpl11,-6.2
Rpl12,-6.2
Rpl13,-65.8
Rpl13a,-25.3
Rpl14,-35.7
Rpl15,-32
Rpl17,-45.1
Rpl18,-53.9
Rpl18a,-29.4
Rpl19,-55.6
Rpl22,-2.2
Rpl22l1,1
Rpl23,-1.5
Rpl23a,-21.6
Rpl24,-20.8
Rpl26,-38.8
Rpl27,-30.7
Rpl3,-10.9
Rpl30,-18.1
Rpl31,-2.3
Rpl32,-7.8
Rpl34,-81.6
Rpl35,-2.6
Rpl35a,-32.2
Rpl36,-9.3
Rpl37a,-6.7
Rpl4,-64
Rpl5,-30.4
Rpl6,-36.2
Rpl7,-58.8
Rpl7a,-199.3
Rpl8,-26.2
Rpl9,-45.8
Rplp0,-6.7
Rplp1,-6.2
Rplp2,-6.1
Rpn1,-4.7
Rpn2,-14.9
Rps10,-28.1
Rps11,-102.1
Rps12,-3.4
Rps13,-7.1
Rps14,-2.5
Rps15,-11.6
Rps15a,-3
Rps16,-6.4
Rps17,-11.8
Rps19,-2.2
Rps2,-15.1
Rps20,-1.6
Rps21,-1.5
Rps23,-34.5
Rps24,-21
Rps25,-16.4
Rps27,1.3
Rps27a,-2.4
Rps3,-7.5
Rps3a,-9.3
Rps4x,-47.5
Rps5,-5.2
Rps6,-30.3
Rps7,-11.3
Rps8,-29.9
Rps9,-99.5
Rpsa,-6.4
Rras,2.7
Rrbp1,-34.5
Rrm1,1.3
Rrm2,-15.3
Rsu1,-1.3
Rtn3,-11.9
Rtn4,-16.4
Rufy1,7.8
Rufy2,2.1
Ruvbl1,-3
Ruvbl2,-15.1
S100a10,1
S100a4,2.6
Sacm1l,2.6
Sacs,6.5
Samhd1,-3.7
Samm50,-18.8
Sarnp,12.6
Sars,-2.6
Scamp1,-11.7
Scamp2,-5.7
Scamp3,-5.3
Scarb1,2.7
Scarb2,2
Scfd1,-1.8
Scp2,-6
Sdcbp,5.3
Sdf2l1,-11
Sec11a,-9.6
Sec22b,-5.3
Sec23b,-6.6
Sec23ip,1.5
Sec31a,-9.3
Sec31b,-1.2
Sec61b,-4.7
Sec62,-19.8
Sec63,-7.1
Sel1l,-13
Septin-2,-1.3
Septin-7,1.1
Serbp1,-46.9
Serinc3,4.2
Serpinc1,1.3
Sf1,11.1
Sfpq,-2.5
Sfxn1,-22.8
Sgpl1,-28.3
Sh3bgrl3,1.6
Shmt1,-7.4
Shmt2,-9
Sirpa,2.2
Slc11a2,6.1
Slc12a7,9.5
Slc12a9,7.1
Slc16a1,1.8
Slc1a5,-2.9
Slc23a2,-13.3
Slc25a11,-44.5
Slc25a12,-22
Slc25a13,-35.6
Slc25a24,-19.8
Slc25a3,-9.6
Slc25a4,-11.9
Slc25a5,-13.5
Slc2a1,3.6
Slc2a6,7.6
Slc38a2,4.1
Slc39a4,31
Slc39a8,38.7
Slc3a2,2.6
Slc6a6,6.5
Slc7a1,4.3
Slc7a5,-5.6
slp,16.8
Smc1b,-1.3
Smc2,-9.8
Smchd1,-2.3
Smpdl3b,2.5
Snap23,-1.6
Snd1,-44.3
Sntb2,1.5
Snx1,-2.1
Snx12,6.8
Snx16,16.1
Snx18,1.5
Snx2,-17
Snx20,8.3
Snx27,-9.8
Snx3,1.9
Snx4,4.1
Snx5,-1.6
Snx6,2.5
Snx8,-1
Soat1,-7.5
Sod1,1.7
Sod2,-6.1
Spata5,-6.9
Spcs2,-9.7
Spg21,2.7
Spn,2.1
Sptan1,-2.4
Sptbn1,-3.7
Sptbn2,3.9
Sptbn4,1.9
Sptlc1,-3.7
Sptlc2,-18.4
Sqrdl,-4
Sqstm1,2.4
Srm,-2.1
Srp68,-41.9
Srpk1,-9.9
Srprb,-2.2
Srsf2,-2.2
Ssb,-39.1
Ssbp1,-10.3
Ssr1,-2.2
Ssr3,-4.8
Ssr4,-7.4
St13,1.5
St14,1.4
Stam,9.2
Stam2,2.8
Stip1,-2.6
Stmn1,2.2
Stom,3.1
Stoml2,-22.3
Strap,-18.4
Stx12,3.8
Stx16,12.8
Stx17,1.7
Stx2,19.9
Stx3,12.9
Stx4,1.4
Stx6,1.9
Stx7,3.6
Stx8,4.6
Stxbp1,-2.1
Stxbp2,1.1
Sub1,-14.5
Suclg1,-13.2
Suclg2,-8.8
Supt6h,1.9
Suv39h2,25
Swap70,-2
Syncrip,-11
Syne1,-11.2
Syngr2,6.1
Sytl2,-14.6
Tagln2,1.8
Taldo1,-1.3
Taok1,-11.9
Taok3,-3.2
Tapbp,-21.9
Tardbp,1.5
Tars,-1.5
Tarsl2,1.3
Tax1bp1,15.1
Tbc1d15,-8.5
Tbrg4,2
Tcirg1,3.3
Tf,1
Tfg,1.3
Tfrc,1.7
Tgfbr2,4.9
Thop1,-1.6
Timm17a,-7.7
Timm23,-23.9
Timm44,-18.9
Timm50,-36.9
Tjp2,-8.5
Tkt,-10.1
Tln1,-1.3
Tln2,-2.5
Tlr13,4
Tlr2,1.4
Tlr3,12.9
Tlr7,6.3
Tmco1,-14.3
Tmed10,-5.6
Tmed2,-5.1
Tmed4,1.4
Tmed5,1.4
Tmed9,-1.6
Tmem106a,5.7
Tmem106b,7.8
Tmem109,-4.7
Tmem123,9
Tmem176b,6.5
Tmem206,6.6
Tmem214,-18.2
Tmem30a,8.1
Tmem33,-18.5
Tmem59,13
Tmx1,-7.6
Tnfsf9,-1.6
Tnpo1,1.2
Tollip,4
Tom1,2.5
Tomm20,-9.6
Tomm22,-16.9
Tomm40,-21.2
Tomm70a,-28.1
Tpd52,3.9
Tpd52l2,1
Tpi1,1.2
Tpm1,1.7
Tpm3,1
Tpm4,-1.7
Tpp1,5.8
Tpp2,-3.7
Tpr,-1.6
Tpt1,-7.1
Trap1,-4
Trem2,7.4
Trim14,4.6
Trim28,-19.1
Triobp,1.5
Trip11,4.2
Trmt6,-8.6
Trpm3,-4.5
Trpv2,8
Tsfm,-7.1
Tsga10,2
Tshz3,16.5
Tsn,-3.8
Tspan3,5
Tsr1,-17.7
Ttc1,-20.7
Ttc7a,5
Ttll12,-7.3
Ttn,-1
Tuba1a,-1.3
Tuba1b,1.1
Tuba1c,-1
Tuba4a,1.1
Tubal3,-1.5
Tubb2b,-1.3
Tubb3,-1.2
Tubb5,-1
Tubb6,-1.2
Tubgcp2,-1.1
Tufm,-97.4
Twf2,-2.6
Txlna,-24.9
Txn,2.1
Txndc5,-3.3
Txnl1,-4.5
Txnrd1,-37.3
Tyrobp,7.3
Uap1l1,-3.1
Uba1,-4.5
Uba52,2.2
Ubap2,-2.8
Ubap2l,-1.3
Ube2l3,-2.1
Ube2n,-1.9
Uchl5,-1.4
Ufd1l,1.8
Uggt1,-1.7
Ugt1a7c,-14.7
Unc80,1.1
Upf1,-7.1
Uqcrc1,-5.5
Uqcrc2,-8.3
Uqcrfs1,-12.2
Uqcrq,-6.5
Usp10,-21
Usp14,-1
Usp5,-2
Usp9x,-2.3
Uxs1,4.4
Vac14,-7.1
Vamp3,-1
Vamp4,12
Vamp7,-3.8
Vamp8,4.2
Vapa,-4.2
Vapb,-1.9
Vars,-11.1
Vasp,-7.5
Vat1,-1.1
Vav1,-13.3
Vcp,-3.1
Vdac1,-4
Vdac2,-5.3
Vdac3,-6.4
Vim,-2.4
Vps13c,4.6
Vps26a,-9
Vps29,1.2
Vps35,-1.3
Vps45,1.5
Vps4b,7.4
Vti1a,22.6
Vti1b,5.8
Wars,-1.6
Wasf2,-4.8
Wdr1,-27.2
Wdr91,-1.2
Xpnpep1,-1.2
Xpo1,-7.2
Xrn2,3.8
Yars,-1.5
Yars2,-22.5
Ybx3,-16.6
Yme1l1,-31.9
Ythdf1,-5.4
Ywhab,-2.2
Ywhae,-7
Ywhag,-3
Ywhah,-1.3
Ywhaq,1.3
Ywhaz,1.3
Zbed5,-4.4
Zc3h15,-31
Znf622,-6.3